sfcode,name,storeid,store_name,area,region,branch,cluster,city
TESTING-0909,FEBRIYANSYAH,1301002106,82184479472-BIAN CELL,Sumatera,Sumbagsel,Lampung,Lampung Barat,Lampung Barat
TESTING-0909,FEBRIYANSYAH,1300006489,ABBRAR CELL,Sumatera,Sumbagsel,Lampung,Lampung Barat,Lampung Barat
TESTING-0909,FEBRIYANSYAH,1301013155,ACTIVE CELL,Sumatera,Sumbagsel,Lampung,Lampung Barat,Lampung Barat
TESTING-0909,FEBRIYANSYAH,1300006168,ADI CELL,Sumatera,Sumbagsel,Lampung,Lampung Barat,Lampung Barat
TESTING-0909,FEBRIYANSYAH,1300005265,ADI CELL (NEW),Sumatera,Sumbagsel,Lampung,Lampung Barat,Lampung Barat
TESTING-0909,FEBRIYANSYAH,1301002107,ADI CELL 2,Sumatera,Sumbagsel,Lampung,Lampung Barat,Lampung Barat
TESTING-0909,FEBRIYANSYAH,1300006496,AHA 1 CELL,Sumatera,Sumbagsel,Lampung,Lampung Barat,Lampung Barat
TESTING-0909,FEBRIYANSYAH,1300006491,AHMAD CELL,Sumatera,Sumbagsel,Lampung,Lampung Barat,Lampung Barat
TESTING-0909,FEBRIYANSYAH,1300005242,AKBAR CELL,Sumatera,Sumbagsel,Lampung,Lampung Barat,Lampung Barat
TESTING-0909,FEBRIYANSYAH,1301057417,AKZ CELL ,Sumatera,Sumbagsel,Lampung,Lampung Barat,Lampung Barat
TESTING-0909,FEBRIYANSYAH,1300004806,ALFA CELL,Sumatera,Sumbagsel,Lampung,Lampung Barat,Lampung Barat
TESTING-0909,FEBRIYANSYAH,1301053968,Almira,Sumatera,Sumbagsel,Lampung,Lampung Barat,Lampung Barat
TESTING-0909,FEBRIYANSYAH,1301008225,ANDA CELL,Sumatera,Sumbagsel,Lampung,Lampung Barat,Lampung Barat
TESTING-0909,FEBRIYANSYAH,1300004805,ANDI CELL,Sumatera,Sumbagsel,Lampung,Lampung Barat,Lampung Barat
TESTING-0909,FEBRIYANSYAH,1301024869,ANDRE LESTIAWAN,Sumatera,Sumbagsel,Lampung,Lampung Barat,Lampung Barat
TESTING-0909,FEBRIYANSYAH,1300005256,ARA CELL,Sumatera,Sumbagsel,Lampung,Lampung Barat,Lampung Barat
TESTING-0909,FEBRIYANSYAH,1300005006,ARIF CEL,Sumatera,Sumbagsel,Lampung,Lampung Barat,Lampung Barat
TESTING-0909,FEBRIYANSYAH,1300006488,ARIF CELL 2,Sumatera,Sumbagsel,Lampung,Lampung Barat,Lampung Barat
TESTING-0909,FEBRIYANSYAH,1301049244,ASYA CELL,Sumatera,Sumbagsel,Lampung,Lampung Barat,Lampung Barat
TESTING-0909,FEBRIYANSYAH,1300038136,AZAM CELL,Sumatera,Sumbagsel,Lampung,Lampung Barat,Lampung Barat
TESTING-0909,FEBRIYANSYAH,1300004859,BELLAA CELLULER,Sumatera,Sumbagsel,Lampung,Lampung Barat,Lampung Barat
TESTING-0909,FEBRIYANSYAH,1300005266,BERKAH CELL,Sumatera,Sumbagsel,Lampung,Lampung Barat,Lampung Barat
TESTING-0909,FEBRIYANSYAH,1300005105,BK CELL,Sumatera,Sumbagsel,Lampung,Lampung Barat,Lampung Barat
TESTING-0909,FEBRIYANSYAH,1301020270,BUNDA CELL,Sumatera,Sumbagsel,Lampung,Lampung Barat,Lampung Barat
TESTING-0909,FEBRIYANSYAH,1301034797,BUNDA CELL2 NEW,Sumatera,Sumbagsel,Lampung,Lampung Barat,Lampung Barat
TESTING-0909,FEBRIYANSYAH,1301051145,Bunda ponsel,Sumatera,Sumbagsel,Lampung,Lampung Barat,Lampung Barat
TESTING-0909,FEBRIYANSYAH,1300005605,DARMAWAN CELL,Sumatera,Sumbagsel,Lampung,Lampung Barat,Lampung Barat
TESTING-0909,FEBRIYANSYAH,1301021571,DICY PRIA SANJAYA,Sumatera,Sumbagsel,Lampung,Lampung Barat,Lampung Barat
TESTING-0909,FEBRIYANSYAH,1300006605,DINDA CELL 2,Sumatera,Sumbagsel,Lampung,Lampung Barat,Lampung Barat
TESTING-0909,FEBRIYANSYAH,1300032635,DINDA CELL 3,Sumatera,Sumbagsel,Lampung,Lampung Barat,Lampung Barat
TESTING-0909,FEBRIYANSYAH,1300006117,DINDA PONSEL,Sumatera,Sumbagsel,Lampung,Lampung Barat,Lampung Barat
TESTING-0909,FEBRIYANSYAH,1301034971,EDGAR CELL,Sumatera,Sumbagsel,Lampung,Lampung Barat,Lampung Barat
TESTING-0909,FEBRIYANSYAH,1300005407,EKO CELL,Sumatera,Sumbagsel,Lampung,Lampung Barat,Lampung Barat
TESTING-0909,FEBRIYANSYAH,1300005077,ELBA CELL,Sumatera,Sumbagsel,Lampung,Lampung Barat,Lampung Barat
TESTING-0909,FEBRIYANSYAH,1300006529,ELZIO CELL,Sumatera,Sumbagsel,Lampung,Lampung Barat,Lampung Barat
TESTING-0909,FEBRIYANSYAH,1301018758,ERPI,Sumatera,Sumbagsel,Lampung,Lampung Barat,Lampung Barat
TESTING-0909,FEBRIYANSYAH,1300005148,EVA CELL 2,Sumatera,Sumbagsel,Lampung,Lampung Barat,Lampung Barat
TESTING-0909,FEBRIYANSYAH,1301050950,FAIQ CELL 2,Sumatera,Sumbagsel,Lampung,Lampung Barat,Lampung Barat
TESTING-0909,FEBRIYANSYAH,1301050948,FAIQ NEW CELL,Sumatera,Sumbagsel,Lampung,Lampung Barat,Lampung Barat
TESTING-0909,FEBRIYANSYAH,1300005149,GAZA CELL,Sumatera,Sumbagsel,Lampung,Lampung Barat,Lampung Barat
TESTING-0909,FEBRIYANSYAH,1301020522,HENDRI ANDRIANSYAH,Sumatera,Sumbagsel,Lampung,Lampung Barat,Lampung Barat
TESTING-0909,FEBRIYANSYAH,1301020018,HERI KUSWARA,Sumatera,Sumbagsel,Lampung,Lampung Barat,Lampung Barat
TESTING-0909,FEBRIYANSYAH,1300006493,IDA,Sumatera,Sumbagsel,Lampung,Lampung Barat,Lampung Barat
TESTING-0909,FEBRIYANSYAH,1300004807,JAYA CELL,Sumatera,Sumbagsel,Lampung,Lampung Barat,Lampung Barat
TESTING-0909,FEBRIYANSYAH,1300005264,JAYA CELL 2,Sumatera,Sumbagsel,Lampung,Lampung Barat,Lampung Barat
TESTING-0909,FEBRIYANSYAH,1301057152,JHON CELL,Sumatera,Sumbagsel,Lampung,Lampung Barat,Lampung Barat
TESTING-0909,FEBRIYANSYAH,1300005726,KHEMA CELL,Sumatera,Sumbagsel,Lampung,Lampung Barat,Lampung Barat
TESTING-0909,FEBRIYANSYAH,1300036147,KUNCORO CELLULAR,Sumatera,Sumbagsel,Lampung,Lampung Barat,Lampung Barat
TESTING-0909,FEBRIYANSYAH,1301036872,MELA MELY SUSANTI,Sumatera,Sumbagsel,Lampung,Lampung Barat,Lampung Barat
TESTING-0909,FEBRIYANSYAH,1300004842,MS RADJA CELL,Sumatera,Sumbagsel,Lampung,Lampung Barat,Lampung Barat
TESTING-0909,FEBRIYANSYAH,1300005895,MUSLIH CELL,Sumatera,Sumbagsel,Lampung,Lampung Barat,Lampung Barat
TESTING-0909,FEBRIYANSYAH,1300006719,NELA CELL 2,Sumatera,Sumbagsel,Lampung,Lampung Barat,Lampung Barat
TESTING-0909,FEBRIYANSYAH,1300006473,NIZA 2,Sumatera,Sumbagsel,Lampung,Lampung Barat,Lampung Barat
TESTING-0909,FEBRIYANSYAH,1301016464,NN CELL,Sumatera,Sumbagsel,Lampung,Lampung Barat,Lampung Barat
TESTING-0909,FEBRIYANSYAH,1301047788,PRIMA CELL,Sumatera,Sumbagsel,Lampung,Lampung Barat,Lampung Barat
TESTING-0909,FEBRIYANSYAH,1300004849,PURBA CELL,Sumatera,Sumbagsel,Lampung,Lampung Barat,Lampung Barat
TESTING-0909,FEBRIYANSYAH,1301015690,RAGIL CELL,Sumatera,Sumbagsel,Lampung,Lampung Barat,Lampung Barat
TESTING-0909,FEBRIYANSYAH,1301036516,RD CELL NEW,Sumatera,Sumbagsel,Lampung,Lampung Barat,Lampung Barat
TESTING-0909,FEBRIYANSYAH,1301002116,RINJANI CELL,Sumatera,Sumbagsel,Lampung,Lampung Barat,Lampung Barat
TESTING-0909,FEBRIYANSYAH,1300005406,RITA CELL,Sumatera,Sumbagsel,Lampung,Lampung Barat,Lampung Barat
TESTING-0909,FEBRIYANSYAH,1300005146,RIYAN CELL,Sumatera,Sumbagsel,Lampung,Lampung Barat,Lampung Barat
TESTING-0909,FEBRIYANSYAH,1300006495,ROMANTIS CELL,Sumatera,Sumbagsel,Lampung,Lampung Barat,Lampung Barat
TESTING-0909,FEBRIYANSYAH,1301037387,RUSMIATI,Sumatera,Sumbagsel,Lampung,Lampung Barat,Lampung Barat
TESTING-0909,FEBRIYANSYAH,1301057436,SABIL CELL,Sumatera,Sumbagsel,Lampung,Lampung Barat,Lampung Barat
TESTING-0909,FEBRIYANSYAH,1301037396,SALIK RIDWANULLOH,Sumatera,Sumbagsel,Lampung,Lampung Barat,Lampung Barat
TESTING-0909,FEBRIYANSYAH,1300005150,SAM CELL,Sumatera,Sumbagsel,Lampung,Lampung Barat,Lampung Barat
TESTING-0909,FEBRIYANSYAH,1301050488,SIBOAN TUA CELL,Sumatera,Sumbagsel,Lampung,Lampung Barat,Lampung Barat
TESTING-0909,FEBRIYANSYAH,6001184690,SINA CELL,Sumatera,Sumbagsel,Lampung,Lampung Barat,Lampung Barat
TESTING-0909,FEBRIYANSYAH,1300006032,SITUMORANG,Sumatera,Sumbagsel,Lampung,Lampung Barat,Lampung Barat
TESTING-0909,FEBRIYANSYAH,1301044272,SUNAN CELL,Sumatera,Sumbagsel,Lampung,Lampung Barat,Lampung Barat
TESTING-0909,FEBRIYANSYAH,1301022201,TAJUDIN,Sumatera,Sumbagsel,Lampung,Lampung Barat,Lampung Barat
TESTING-0909,FEBRIYANSYAH,1300006084,TECNO CELL,Sumatera,Sumbagsel,Lampung,Lampung Barat,Lampung Barat
TESTING-0909,FEBRIYANSYAH,1301014646,VITA CELL,Sumatera,Sumbagsel,Lampung,Lampung Barat,Lampung Barat
TESTING-0909,FEBRIYANSYAH,1301054589,Wahyu Cell,Sumatera,Sumbagsel,Lampung,Lampung Barat,Lampung Barat
TESTING-0909,FEBRIYANSYAH,1301057143,WAY NGISON CELL,Sumatera,Sumbagsel,Lampung,Lampung Barat,Lampung Barat
TESTING-0909,FEBRIYANSYAH,1301032812,YAN ARIKA DWI DHASA,Sumatera,Sumbagsel,Lampung,Lampung Barat,Lampung Barat
TESTING-0909,FEBRIYANSYAH,1301028200,YAS CELL,Sumatera,Sumbagsel,Lampung,Lampung Barat,Lampung Barat
TESTING-0909,FEBRIYANSYAH,1300005080,YOGA CELL,Sumatera,Sumbagsel,Lampung,Lampung Barat,Lampung Barat
TESTING-0909,FEBRIYANSYAH,1301036517,yuni safitri,Sumatera,Sumbagsel,Lampung,Lampung Barat,Lampung Barat
TESTING-0909,FEBRIYANSYAH,1301051923,ZEN CELL,Sumatera,Sumbagsel,Lampung,Lampung Barat,Lampung Barat
TESTING-0909,FEBRIYANSYAH,1301040848,zona cell,Sumatera,Sumbagsel,Lampung,Lampung Barat,Lampung Barat
TESTING-0880,M. IQBAL AGUSTIAN SEMBIRING,1301000821,268 CELL,Sumatera,Sumbagsel,Lampung,Lampung Barat,Lampung Barat
TESTING-0880,M. IQBAL AGUSTIAN SEMBIRING,1300005143,ABSTRAK COM,Sumatera,Sumbagsel,Lampung,Lampung Barat,Lampung Barat
TESTING-0880,M. IQBAL AGUSTIAN SEMBIRING,1300005040,ADAM CELLULAR 1,Sumatera,Sumbagsel,Lampung,Lampung Barat,Lampung Barat
TESTING-0880,M. IQBAL AGUSTIAN SEMBIRING,1301003952,AHHA CELL,Sumatera,Sumbagsel,Lampung,Lampung Barat,Lampung Barat
TESTING-0880,M. IQBAL AGUSTIAN SEMBIRING,6001180939,AHHA CELLULAR,Sumatera,Sumbagsel,Lampung,Lampung Barat,Lampung Barat
TESTING-0880,M. IQBAL AGUSTIAN SEMBIRING,1300005127,AJI CELLULER,Sumatera,Sumbagsel,Lampung,Lampung Barat,Lampung Barat
TESTING-0880,M. IQBAL AGUSTIAN SEMBIRING,1300006484,ALFAWAZ CELL,Sumatera,Sumbagsel,Lampung,Lampung Barat,Lampung Barat
TESTING-0880,M. IQBAL AGUSTIAN SEMBIRING,1300005074,ANDIKA CELL,Sumatera,Sumbagsel,Lampung,Lampung Barat,Lampung Barat
TESTING-0880,M. IQBAL AGUSTIAN SEMBIRING,1301021124,ANGGI KURNIAWAN,Sumatera,Sumbagsel,Lampung,Lampung Barat,Lampung Barat
TESTING-0880,M. IQBAL AGUSTIAN SEMBIRING,1300004854,ANGGRAINI CELL,Sumatera,Sumbagsel,Lampung,Lampung Barat,Lampung Barat
TESTING-0880,M. IQBAL AGUSTIAN SEMBIRING,1300006592,ANGGRAINI CELL2,Sumatera,Sumbagsel,Lampung,Lampung Barat,Lampung Barat
TESTING-0880,M. IQBAL AGUSTIAN SEMBIRING,1301024683,ANITA RUFQI MASNGUDAH,Sumatera,Sumbagsel,Lampung,Lampung Barat,Lampung Barat
TESTING-0880,M. IQBAL AGUSTIAN SEMBIRING,1301011974,ANUGRAH CELL,Sumatera,Sumbagsel,Lampung,Lampung Barat,Lampung Barat
TESTING-0880,M. IQBAL AGUSTIAN SEMBIRING,1300005308,ARIE CELL,Sumatera,Sumbagsel,Lampung,Lampung Barat,Lampung Barat
TESTING-0880,M. IQBAL AGUSTIAN SEMBIRING,1300032750,AUFFA CELL,Sumatera,Sumbagsel,Lampung,Lampung Barat,Lampung Barat
TESTING-0880,M. IQBAL AGUSTIAN SEMBIRING,1300005092,AYE CELL,Sumatera,Sumbagsel,Lampung,Lampung Barat,Lampung Barat
TESTING-0880,M. IQBAL AGUSTIAN SEMBIRING,1300006514,AZKA CELL,Sumatera,Sumbagsel,Lampung,Lampung Barat,Lampung Barat
TESTING-0880,M. IQBAL AGUSTIAN SEMBIRING,1301013477,AZKA CELL 2,Sumatera,Sumbagsel,Lampung,Lampung Barat,Lampung Barat
TESTING-0880,M. IQBAL AGUSTIAN SEMBIRING,1300006196,BAIM CELL,Sumatera,Sumbagsel,Lampung,Lampung Barat,Lampung Barat
TESTING-0880,M. IQBAL AGUSTIAN SEMBIRING,1300005123,BARON CELL,Sumatera,Sumbagsel,Lampung,Lampung Barat,Lampung Barat
TESTING-0880,M. IQBAL AGUSTIAN SEMBIRING,1300005512,BELA CELL,Sumatera,Sumbagsel,Lampung,Lampung Barat,Lampung Barat
TESTING-0880,M. IQBAL AGUSTIAN SEMBIRING,1300032683,BLUE CELL2,Sumatera,Sumbagsel,Lampung,Lampung Barat,Lampung Barat
TESTING-0880,M. IQBAL AGUSTIAN SEMBIRING,1301035816,CANDRA YURIS SAPUTRA,Sumatera,Sumbagsel,Lampung,Lampung Barat,Lampung Barat
TESTING-0880,M. IQBAL AGUSTIAN SEMBIRING,1300005091,CHELSY CELL,Sumatera,Sumbagsel,Lampung,Lampung Barat,Lampung Barat
TESTING-0880,M. IQBAL AGUSTIAN SEMBIRING,1301018992,CHELSY CELL 2,Sumatera,Sumbagsel,Lampung,Lampung Barat,Lampung Barat
TESTING-0880,M. IQBAL AGUSTIAN SEMBIRING,1300005323,CHIP CELL,Sumatera,Sumbagsel,Lampung,Lampung Barat,Lampung Barat
TESTING-0880,M. IQBAL AGUSTIAN SEMBIRING,6001184325,CITRA CELL,Sumatera,Sumbagsel,Lampung,Lampung Barat,Lampung Barat
TESTING-0880,M. IQBAL AGUSTIAN SEMBIRING,1300004857,DIEN VISCO CELL2,Sumatera,Sumbagsel,Lampung,Lampung Barat,Lampung Barat
TESTING-0880,M. IQBAL AGUSTIAN SEMBIRING,1301039156,Galileo cell,Sumatera,Sumbagsel,Lampung,Lampung Barat,Lampung Barat
TESTING-0880,M. IQBAL AGUSTIAN SEMBIRING,6001178272,G-COM CELL,Sumatera,Sumbagsel,Lampung,Lampung Barat,Lampung Barat
TESTING-0880,M. IQBAL AGUSTIAN SEMBIRING,1300037042,GIE 2 CELL,Sumatera,Sumbagsel,Lampung,Lampung Barat,Lampung Barat
TESTING-0880,M. IQBAL AGUSTIAN SEMBIRING,1300005028,GOBEL,Sumatera,Sumbagsel,Lampung,Lampung Barat,Lampung Barat
TESTING-0880,M. IQBAL AGUSTIAN SEMBIRING,1300006666,GOBEL PLAZA PHONE,Sumatera,Sumbagsel,Lampung,Lampung Barat,Lampung Barat
TESTING-0880,M. IQBAL AGUSTIAN SEMBIRING,1300005121,HEMAT CELL,Sumatera,Sumbagsel,Lampung,Lampung Barat,Lampung Barat
TESTING-0880,M. IQBAL AGUSTIAN SEMBIRING,1300005324,HOLIGANNN CELL,Sumatera,Sumbagsel,Lampung,Lampung Barat,Lampung Barat
TESTING-0880,M. IQBAL AGUSTIAN SEMBIRING,1301050266,INDRI CELL,Sumatera,Sumbagsel,Lampung,Lampung Barat,Lampung Barat
TESTING-0880,M. IQBAL AGUSTIAN SEMBIRING,1300005072,ION CELL,Sumatera,Sumbagsel,Lampung,Lampung Barat,Lampung Barat
TESTING-0880,M. IQBAL AGUSTIAN SEMBIRING,1300005415,KAR CELL,Sumatera,Sumbagsel,Lampung,Lampung Barat,Lampung Barat
TESTING-0880,M. IQBAL AGUSTIAN SEMBIRING,1300004824,KARTIKA CELL,Sumatera,Sumbagsel,Lampung,Lampung Barat,Lampung Barat
TESTING-0880,M. IQBAL AGUSTIAN SEMBIRING,1301036765,KEMBAR CELL,Sumatera,Sumbagsel,Lampung,Lampung Barat,Lampung Barat
TESTING-0880,M. IQBAL AGUSTIAN SEMBIRING,1301012153,KIKI CELL,Sumatera,Sumbagsel,Lampung,Lampung Barat,Lampung Barat
TESTING-0880,M. IQBAL AGUSTIAN SEMBIRING,1300005095,KRISDA CELL,Sumatera,Sumbagsel,Lampung,Lampung Barat,Lampung Barat
TESTING-0880,M. IQBAL AGUSTIAN SEMBIRING,1301033554,KUSNIN,Sumatera,Sumbagsel,Lampung,Lampung Barat,Lampung Barat
TESTING-0880,M. IQBAL AGUSTIAN SEMBIRING,1300005094,LASKAR CELL,Sumatera,Sumbagsel,Lampung,Lampung Barat,Lampung Barat
TESTING-0880,M. IQBAL AGUSTIAN SEMBIRING,1301036884,laskar cell 2,Sumatera,Sumbagsel,Lampung,Lampung Barat,Lampung Barat
TESTING-0880,M. IQBAL AGUSTIAN SEMBIRING,1300006401,LIA CELL,Sumatera,Sumbagsel,Lampung,Lampung Barat,Lampung Barat
TESTING-0880,M. IQBAL AGUSTIAN SEMBIRING,1301044849,LINDA CEL 5,Sumatera,Sumbagsel,Lampung,Lampung Barat,Lampung Barat
TESTING-0880,M. IQBAL AGUSTIAN SEMBIRING,1300005112,LINDA CELL,Sumatera,Sumbagsel,Lampung,Lampung Barat,Lampung Barat
TESTING-0880,M. IQBAL AGUSTIAN SEMBIRING,1300005276,LINDA CELL 2,Sumatera,Sumbagsel,Lampung,Lampung Barat,Lampung Barat
TESTING-0880,M. IQBAL AGUSTIAN SEMBIRING,1301050875,Linda Cell 4,Sumatera,Sumbagsel,Lampung,Lampung Barat,Lampung Barat
TESTING-0880,M. IQBAL AGUSTIAN SEMBIRING,1300005050,LIZZA CELL,Sumatera,Sumbagsel,Lampung,Lampung Barat,Lampung Barat
TESTING-0880,M. IQBAL AGUSTIAN SEMBIRING,1301048446,Miss Cell,Sumatera,Sumbagsel,Lampung,Lampung Barat,Lampung Barat
TESTING-0880,M. IQBAL AGUSTIAN SEMBIRING,1300004853,NADIA CELL,Sumatera,Sumbagsel,Lampung,Lampung Barat,Lampung Barat
TESTING-0880,M. IQBAL AGUSTIAN SEMBIRING,6001180910,NIZA CELL,Sumatera,Sumbagsel,Lampung,Lampung Barat,Lampung Barat
TESTING-0880,M. IQBAL AGUSTIAN SEMBIRING,1300006494,NORA CELL,Sumatera,Sumbagsel,Lampung,Lampung Barat,Lampung Barat
TESTING-0880,M. IQBAL AGUSTIAN SEMBIRING,1301049884,Pelangi Cell,Sumatera,Sumbagsel,Lampung,Lampung Barat,Lampung Barat
TESTING-0880,M. IQBAL AGUSTIAN SEMBIRING,1300005329,PONKY CELL,Sumatera,Sumbagsel,Lampung,Lampung Barat,Lampung Barat
TESTING-0880,M. IQBAL AGUSTIAN SEMBIRING,1300006065,PUTRA CELL,Sumatera,Sumbagsel,Lampung,Lampung Barat,Lampung Barat
TESTING-0880,M. IQBAL AGUSTIAN SEMBIRING,1300005144,PUTRI CELL 2,Sumatera,Sumbagsel,Lampung,Lampung Barat,Lampung Barat
TESTING-0880,M. IQBAL AGUSTIAN SEMBIRING,1300037690,RAFIFCELL,Sumatera,Sumbagsel,Lampung,Lampung Barat,Lampung Barat
TESTING-0880,M. IQBAL AGUSTIAN SEMBIRING,1300006403,RAMGA CELL,Sumatera,Sumbagsel,Lampung,Lampung Barat,Lampung Barat
TESTING-0880,M. IQBAL AGUSTIAN SEMBIRING,1301049692,RBB CELL 2,Sumatera,Sumbagsel,Lampung,Lampung Barat,Lampung Barat
TESTING-0880,M. IQBAL AGUSTIAN SEMBIRING,1301015411,RDS CELL,Sumatera,Sumbagsel,Lampung,Lampung Barat,Lampung Barat
TESTING-0880,M. IQBAL AGUSTIAN SEMBIRING,1300005090,REGA CELL,Sumatera,Sumbagsel,Lampung,Lampung Barat,Lampung Barat
TESTING-0880,M. IQBAL AGUSTIAN SEMBIRING,1300004817,REXI CELL,Sumatera,Sumbagsel,Lampung,Lampung Barat,Lampung Barat
TESTING-0880,M. IQBAL AGUSTIAN SEMBIRING,1301030460,RIA CELL,Sumatera,Sumbagsel,Lampung,Lampung Barat,Lampung Barat
TESTING-0880,M. IQBAL AGUSTIAN SEMBIRING,1301011396,rian cell,Sumatera,Sumbagsel,Lampung,Lampung Barat,Lampung Barat
TESTING-0880,M. IQBAL AGUSTIAN SEMBIRING,6001184331,SMITA,Sumatera,Sumbagsel,Lampung,Lampung Barat,Lampung Barat
TESTING-0880,M. IQBAL AGUSTIAN SEMBIRING,1301048528,Vinovi Cell,Sumatera,Sumbagsel,Lampung,Lampung Barat,Lampung Barat
TESTING-0880,M. IQBAL AGUSTIAN SEMBIRING,1300005484,VITO CELL,Sumatera,Sumbagsel,Lampung,Lampung Barat,Lampung Barat
TESTING-0880,M. IQBAL AGUSTIAN SEMBIRING,6001180555,WAHYUNI CELL,Sumatera,Sumbagsel,Lampung,Lampung Barat,Lampung Barat
TESTING-0880,M. IQBAL AGUSTIAN SEMBIRING,1301051335,WIN CELL,Sumatera,Sumbagsel,Lampung,Lampung Barat,Lampung Barat
TESTING-0880,M. IQBAL AGUSTIAN SEMBIRING,1301053246,WR zainal,Sumatera,Sumbagsel,Lampung,Lampung Barat,Lampung Barat
TESTING-0880,M. IQBAL AGUSTIAN SEMBIRING,1300004856,YADI CELL,Sumatera,Sumbagsel,Lampung,Lampung Barat,Lampung Barat
TESTING-0880,M. IQBAL AGUSTIAN SEMBIRING,1300006250,YADI CELL2,Sumatera,Sumbagsel,Lampung,Lampung Barat,Lampung Barat
TESTING-0880,M. IQBAL AGUSTIAN SEMBIRING,1300032681,YADI CELL3,Sumatera,Sumbagsel,Lampung,Lampung Barat,Lampung Barat
TESTING-0880,M. IQBAL AGUSTIAN SEMBIRING,1300005052,YOLANDA CELL,Sumatera,Sumbagsel,Lampung,Lampung Barat,Lampung Barat
TESTING-0880,M. IQBAL AGUSTIAN SEMBIRING,1300005049,ZEMA CELL,Sumatera,Sumbagsel,Lampung,Lampung Barat,Lampung Barat
TESTING-0880,M. IQBAL AGUSTIAN SEMBIRING,1301037711,ZR celluler,Sumatera,Sumbagsel,Lampung,Lampung Barat,Lampung Barat
TESTING-0880,M. IQBAL AGUSTIAN SEMBIRING,6001180911,ZURTINA CELL,Sumatera,Sumbagsel,Lampung,Lampung Barat,Lampung Barat
TESTING-7890,ANDIKA WAHYU SAPUTRA,1301056649,3 PLUS,Sumatera,Sumbagsel,Lampung,Lampung Barat,Lampung Barat
TESTING-7890,ANDIKA WAHYU SAPUTRA,6001177160,6001177160 - 81273407172,Sumatera,Sumbagsel,Lampung,Lampung Barat,Lampung Barat
TESTING-7890,ANDIKA WAHYU SAPUTRA,1301036896,642 CELL 2,Sumatera,Sumbagsel,Lampung,Lampung Barat,Lampung Barat
TESTING-7890,ANDIKA WAHYU SAPUTRA,1300005458,81271239789-ALVIN CELL,Sumatera,Sumbagsel,Lampung,Lampung Barat,Lampung Barat
TESTING-7890,ANDIKA WAHYU SAPUTRA,1300005524,81272176789-UAN CELL,Sumatera,Sumbagsel,Lampung,Lampung Barat,Lampung Barat
TESTING-7890,ANDIKA WAHYU SAPUTRA,1300005455,81272959001-RAFLI CELL,Sumatera,Sumbagsel,Lampung,Lampung Barat,Lampung Barat
TESTING-7890,ANDIKA WAHYU SAPUTRA,1300006452,81273100960-ANUGERAH CELL,Sumatera,Sumbagsel,Lampung,Lampung Barat,Lampung Barat
TESTING-7890,ANDIKA WAHYU SAPUTRA,1300005454,81278742314-AGUNG CELL,Sumatera,Sumbagsel,Lampung,Lampung Barat,Lampung Barat
TESTING-7890,ANDIKA WAHYU SAPUTRA,1300006153,81366306469-ATIN CELL,Sumatera,Sumbagsel,Lampung,Lampung Barat,Lampung Barat
TESTING-7890,ANDIKA WAHYU SAPUTRA,1300005955,81368826535-ALIYA CELL,Sumatera,Sumbagsel,Lampung,Lampung Barat,Lampung Barat
TESTING-7890,ANDIKA WAHYU SAPUTRA,1300032773,81369040617-UCOK CELL,Sumatera,Sumbagsel,Lampung,Lampung Barat,Lampung Barat
TESTING-7890,ANDIKA WAHYU SAPUTRA,1300006010,81377975424-FITRIA CELL,Sumatera,Sumbagsel,Lampung,Lampung Barat,Lampung Barat
TESTING-7890,ANDIKA WAHYU SAPUTRA,1300006146,82175370406-HANTAY CELL,Sumatera,Sumbagsel,Lampung,Lampung Barat,Lampung Barat
TESTING-7890,ANDIKA WAHYU SAPUTRA,1300005461,82176821978-WITA CELL,Sumatera,Sumbagsel,Lampung,Lampung Barat,Lampung Barat
TESTING-7890,ANDIKA WAHYU SAPUTRA,1300004801,82179853187-RIO CELL,Sumatera,Sumbagsel,Lampung,Lampung Barat,Lampung Barat
TESTING-7890,ANDIKA WAHYU SAPUTRA,1300005445,82179954440-DAFA COM LIWA CELL,Sumatera,Sumbagsel,Lampung,Lampung Barat,Lampung Barat
TESTING-7890,ANDIKA WAHYU SAPUTRA,1300005450,82183130061-ELWI CELL,Sumatera,Sumbagsel,Lampung,Lampung Barat,Lampung Barat
TESTING-7890,ANDIKA WAHYU SAPUTRA,1300005064,82185067051-FARI CELL,Sumatera,Sumbagsel,Lampung,Lampung Barat,Lampung Barat
TESTING-7890,ANDIKA WAHYU SAPUTRA,1301035980,AIZA CELL,Sumatera,Sumbagsel,Lampung,Lampung Barat,Lampung Barat
TESTING-7890,ANDIKA WAHYU SAPUTRA,1301001267,aka cell baru,Sumatera,Sumbagsel,Lampung,Lampung Barat,Lampung Barat
TESTING-7890,ANDIKA WAHYU SAPUTRA,1300005444,AL LIWA CELL,Sumatera,Sumbagsel,Lampung,Lampung Barat,Lampung Barat
TESTING-7890,ANDIKA WAHYU SAPUTRA,1301045231,Among Cell,Sumatera,Sumbagsel,Lampung,Lampung Barat,Lampung Barat
TESTING-7890,ANDIKA WAHYU SAPUTRA,1301034349,ANGGA CELL,Sumatera,Sumbagsel,Lampung,Lampung Barat,Lampung Barat
TESTING-7890,ANDIKA WAHYU SAPUTRA,1301034589,Arta jaya cell,Sumatera,Sumbagsel,Lampung,Lampung Barat,Lampung Barat
TESTING-7890,ANDIKA WAHYU SAPUTRA,1301035801,aryoli,Sumatera,Sumbagsel,Lampung,Lampung Barat,Lampung Barat
TESTING-7890,ANDIKA WAHYU SAPUTRA,1301052218,ATHA CELL,Sumatera,Sumbagsel,Lampung,Lampung Barat,Lampung Barat
TESTING-7890,ANDIKA WAHYU SAPUTRA,1301038302,AULIA CELL,Sumatera,Sumbagsel,Lampung,Lampung Barat,Lampung Barat
TESTING-7890,ANDIKA WAHYU SAPUTRA,1301042599,BAHARI CELL,Sumatera,Sumbagsel,Lampung,Lampung Barat,Lampung Barat
TESTING-7890,ANDIKA WAHYU SAPUTRA,1301006712,biza cell,Sumatera,Sumbagsel,Lampung,Lampung Barat,Lampung Barat
TESTING-7890,ANDIKA WAHYU SAPUTRA,1300006608,CENTRAL 3,Sumatera,Sumbagsel,Lampung,Lampung Barat,Lampung Barat
TESTING-7890,ANDIKA WAHYU SAPUTRA,1300005449,CENTRAL CELL,Sumatera,Sumbagsel,Lampung,Lampung Barat,Lampung Barat
TESTING-7890,ANDIKA WAHYU SAPUTRA,1301047366,Desmie rhayu,Sumatera,Sumbagsel,Lampung,Lampung Barat,Lampung Barat
TESTING-7890,ANDIKA WAHYU SAPUTRA,1301031660,DIAN ELEKTRONIK,Sumatera,Sumbagsel,Lampung,Lampung Barat,Lampung Barat
TESTING-7890,ANDIKA WAHYU SAPUTRA,1301007141,DUNIA PONSEL CELL,Sumatera,Sumbagsel,Lampung,Lampung Barat,Lampung Barat
TESTING-7890,ANDIKA WAHYU SAPUTRA,1301011417,ERY CELL,Sumatera,Sumbagsel,Lampung,Lampung Barat,Lampung Barat
TESTING-7890,ANDIKA WAHYU SAPUTRA,1301022637,evi nurhayati ,Sumatera,Sumbagsel,Lampung,Lampung Barat,Lampung Barat
TESTING-7890,ANDIKA WAHYU SAPUTRA,1301050990,Ghamdo cellular,Sumatera,Sumbagsel,Lampung,Lampung Barat,Lampung Barat
TESTING-7890,ANDIKA WAHYU SAPUTRA,1301053197,GHOZA CELL,Sumatera,Sumbagsel,Lampung,Lampung Barat,Lampung Barat
TESTING-7890,ANDIKA WAHYU SAPUTRA,1300005771,GITA CELL,Sumatera,Sumbagsel,Lampung,Lampung Barat,Lampung Barat
TESTING-7890,ANDIKA WAHYU SAPUTRA,1301013355,hanafi cell,Sumatera,Sumbagsel,Lampung,Lampung Barat,Lampung Barat
TESTING-7890,ANDIKA WAHYU SAPUTRA,1301021344,Hans cell,Sumatera,Sumbagsel,Lampung,Lampung Barat,Lampung Barat
TESTING-7890,ANDIKA WAHYU SAPUTRA,1301038745,Herian,Sumatera,Sumbagsel,Lampung,Lampung Barat,Lampung Barat
TESTING-7890,ANDIKA WAHYU SAPUTRA,1300006465,IDA CELL,Sumatera,Sumbagsel,Lampung,Lampung Barat,Lampung Barat
TESTING-7890,ANDIKA WAHYU SAPUTRA,1301035942,iyul yanti,Sumatera,Sumbagsel,Lampung,Lampung Barat,Lampung Barat
TESTING-7890,ANDIKA WAHYU SAPUTRA,1301045123,Jaya Phone Cell,Sumatera,Sumbagsel,Lampung,Lampung Barat,Lampung Barat
TESTING-7890,ANDIKA WAHYU SAPUTRA,1301051231,Juki Cell,Sumatera,Sumbagsel,Lampung,Lampung Barat,Lampung Barat
TESTING-7890,ANDIKA WAHYU SAPUTRA,1301032603,KAFIYA CELL,Sumatera,Sumbagsel,Lampung,Lampung Barat,Lampung Barat
TESTING-7890,ANDIKA WAHYU SAPUTRA,1301054933,kinken cell,Sumatera,Sumbagsel,Lampung,Lampung Barat,Lampung Barat
TESTING-7890,ANDIKA WAHYU SAPUTRA,1301021292,lisani istikomah,Sumatera,Sumbagsel,Lampung,Lampung Barat,Lampung Barat
TESTING-7890,ANDIKA WAHYU SAPUTRA,1301031562,Liwa Escape,Sumatera,Sumbagsel,Lampung,Lampung Barat,Lampung Barat
TESTING-7890,ANDIKA WAHYU SAPUTRA,1301008190,melisa,Sumatera,Sumbagsel,Lampung,Lampung Barat,Lampung Barat
TESTING-7890,ANDIKA WAHYU SAPUTRA,1301039566,MELY CELL,Sumatera,Sumbagsel,Lampung,Lampung Barat,Lampung Barat
TESTING-7890,ANDIKA WAHYU SAPUTRA,1301033618,MIHAR,Sumatera,Sumbagsel,Lampung,Lampung Barat,Lampung Barat
TESTING-7890,ANDIKA WAHYU SAPUTRA,1301000546,NADIP 2 CELL,Sumatera,Sumbagsel,Lampung,Lampung Barat,Lampung Barat
TESTING-7890,ANDIKA WAHYU SAPUTRA,1300006609,NIELDISC 2,Sumatera,Sumbagsel,Lampung,Lampung Barat,Lampung Barat
TESTING-7890,ANDIKA WAHYU SAPUTRA,1300005038,NIKEN 2,Sumatera,Sumbagsel,Lampung,Lampung Barat,Lampung Barat
TESTING-7890,ANDIKA WAHYU SAPUTRA,1301036752,NOMADING CELL,Sumatera,Sumbagsel,Lampung,Lampung Barat,Lampung Barat
TESTING-7890,ANDIKA WAHYU SAPUTRA,1301042909,rini irawati,Sumatera,Sumbagsel,Lampung,Lampung Barat,Lampung Barat
TESTING-7890,ANDIKA WAHYU SAPUTRA,1301027201,rizki revici widianjaya,Sumatera,Sumbagsel,Lampung,Lampung Barat,Lampung Barat
TESTING-7890,ANDIKA WAHYU SAPUTRA,1300006246,RIZKY CELL,Sumatera,Sumbagsel,Lampung,Lampung Barat,Lampung Barat
TESTING-7890,ANDIKA WAHYU SAPUTRA,1300037788,RJPSUPERTECH,Sumatera,Sumbagsel,Lampung,Lampung Barat,Lampung Barat
TESTING-7890,ANDIKA WAHYU SAPUTRA,1301010190,sabda cell,Sumatera,Sumbagsel,Lampung,Lampung Barat,Lampung Barat
TESTING-7890,ANDIKA WAHYU SAPUTRA,1301001271,safri cell,Sumatera,Sumbagsel,Lampung,Lampung Barat,Lampung Barat
TESTING-7890,ANDIKA WAHYU SAPUTRA,1300032649,TAKANA CELL,Sumatera,Sumbagsel,Lampung,Lampung Barat,Lampung Barat
TESTING-7890,ANDIKA WAHYU SAPUTRA,1301036628,WIDA CELL,Sumatera,Sumbagsel,Lampung,Lampung Barat,Lampung Barat
TESTING-7890,ANDIKA WAHYU SAPUTRA,1301031813,WJ ,Sumatera,Sumbagsel,Lampung,Lampung Barat,Lampung Barat
TESTING-7890,ANDIKA WAHYU SAPUTRA,1301044428,Yudha Cell,Sumatera,Sumbagsel,Lampung,Lampung Barat,Lampung Barat
TESTING-7890,ANDIKA WAHYU SAPUTRA,1301037071,YUDIS CELL,Sumatera,Sumbagsel,Lampung,Lampung Barat,Lampung Barat
TESTING-7890,ANDIKA WAHYU SAPUTRA,1301050775,Zahra cell ,Sumatera,Sumbagsel,Lampung,Lampung Barat,Lampung Barat
TESTING-7890,ANDIKA WAHYU SAPUTRA,1301054954,zhibran cell,Sumatera,Sumbagsel,Lampung,Lampung Barat,Lampung Barat
TESTING-7890,ANDIKA WAHYU SAPUTRA,1301052958,ziphone cell,Sumatera,Sumbagsel,Lampung,Lampung Barat,Lampung Barat
TESTING-7890,ANDIKA WAHYU SAPUTRA,1301046162,Zizi Cell ,Sumatera,Sumbagsel,Lampung,Lampung Barat,Lampung Barat
TESTING-9998,ZULKARNAIN,1301025234, bintang pagar,Sumatera,Sumbagsel,Lampung,Lampung Barat,Lampung Barat
TESTING-9998,ZULKARNAIN,6001177665,6001177665 - 81278057323,Sumatera,Sumbagsel,Lampung,Lampung Barat,Lampung Barat
TESTING-9998,ZULKARNAIN,6001177700,6001177700 - 81278700863,Sumatera,Sumbagsel,Lampung,Lampung Barat,Lampung Barat
TESTING-9998,ZULKARNAIN,6001178044,6001178044 - 81367245344,Sumatera,Sumbagsel,Lampung,Lampung Barat,Lampung Barat
TESTING-9998,ZULKARNAIN,6001305622,6001305622 - 81379224434,Sumatera,Sumbagsel,Lampung,Lampung Barat,Lampung Barat
TESTING-9998,ZULKARNAIN,1300006103,81273857301-CHINDY,Sumatera,Sumbagsel,Lampung,Lampung Barat,Lampung Barat
TESTING-9998,ZULKARNAIN,1300005099,81279001944-AREMA CELL,Sumatera,Sumbagsel,Lampung,Lampung Barat,Lampung Barat
TESTING-9998,ZULKARNAIN,1301000545,81279318861-YUKA CELL,Sumatera,Sumbagsel,Lampung,Lampung Barat,Lampung Barat
TESTING-9998,ZULKARNAIN,1300005102,81366137916-BAHARI CELL,Sumatera,Sumbagsel,Lampung,Lampung Barat,Lampung Barat
TESTING-9998,ZULKARNAIN,1301002459,82177107139-ADINATA CELL,Sumatera,Sumbagsel,Lampung,Lampung Barat,Lampung Barat
TESTING-9998,ZULKARNAIN,1300005446,82177525754-NAJA CELL,Sumatera,Sumbagsel,Lampung,Lampung Barat,Lampung Barat
TESTING-9998,ZULKARNAIN,1300005101,82182150827-WINATA,Sumatera,Sumbagsel,Lampung,Lampung Barat,Lampung Barat
TESTING-9998,ZULKARNAIN,1300005272,82186780279-BINTANG CELL,Sumatera,Sumbagsel,Lampung,Lampung Barat,Lampung Barat
TESTING-9998,ZULKARNAIN,1300005100,A3 CELL,Sumatera,Sumbagsel,Lampung,Lampung Barat,Lampung Barat
TESTING-9998,ZULKARNAIN,1301045617,ADA CELL,Sumatera,Sumbagsel,Lampung,Lampung Barat,Lampung Barat
TESTING-9998,ZULKARNAIN,1301035499,Aira cell,Sumatera,Sumbagsel,Lampung,Lampung Barat,Lampung Barat
TESTING-9998,ZULKARNAIN,1301054085,ALBIYU CELL,Sumatera,Sumbagsel,Lampung,Lampung Barat,Lampung Barat
TESTING-9998,ZULKARNAIN,1300004804,ANDIKA CELL,Sumatera,Sumbagsel,Lampung,Lampung Barat,Lampung Barat
TESTING-9998,ZULKARNAIN,1301018914,andrea cell,Sumatera,Sumbagsel,Lampung,Lampung Barat,Lampung Barat
TESTING-9998,ZULKARNAIN,1301012781,app cell,Sumatera,Sumbagsel,Lampung,Lampung Barat,Lampung Barat
TESTING-9998,ZULKARNAIN,1301041373,arif 33 cell,Sumatera,Sumbagsel,Lampung,Lampung Barat,Lampung Barat
TESTING-9998,ZULKARNAIN,1300005410,ATHU CELL,Sumatera,Sumbagsel,Lampung,Lampung Barat,Lampung Barat
TESTING-9998,ZULKARNAIN,1300005321,BEE CELL,Sumatera,Sumbagsel,Lampung,Lampung Barat,Lampung Barat
TESTING-9998,ZULKARNAIN,1301036706,BHARI CELL BARU ,Sumatera,Sumbagsel,Lampung,Lampung Barat,Lampung Barat
TESTING-9998,ZULKARNAIN,1301014716,bhento,Sumatera,Sumbagsel,Lampung,Lampung Barat,Lampung Barat
TESTING-9998,ZULKARNAIN,1301051067,Bintang Pagar Cell (Rijal Effendi),Sumatera,Sumbagsel,Lampung,Lampung Barat,Lampung Barat
TESTING-9998,ZULKARNAIN,1300005411,CUTE CELL,Sumatera,Sumbagsel,Lampung,Lampung Barat,Lampung Barat
TESTING-9998,ZULKARNAIN,1300004819,EKA CELL,Sumatera,Sumbagsel,Lampung,Lampung Barat,Lampung Barat
TESTING-9998,ZULKARNAIN,1301053924,ELVAN 2 CELL,Sumatera,Sumbagsel,Lampung,Lampung Barat,Lampung Barat
TESTING-9998,ZULKARNAIN,6001178257,ELVITA CELL,Sumatera,Sumbagsel,Lampung,Lampung Barat,Lampung Barat
TESTING-9998,ZULKARNAIN,6001184324,FASA CELL,Sumatera,Sumbagsel,Lampung,Lampung Barat,Lampung Barat
TESTING-9998,ZULKARNAIN,1301012780,green cell,Sumatera,Sumbagsel,Lampung,Lampung Barat,Lampung Barat
TESTING-9998,ZULKARNAIN,1300006199,IMC CELL,Sumatera,Sumbagsel,Lampung,Lampung Barat,Lampung Barat
TESTING-9998,ZULKARNAIN,1300004748,INTAN CELL,Sumatera,Sumbagsel,Lampung,Lampung Barat,Lampung Barat
TESTING-9998,ZULKARNAIN,1301021300,irma rulina,Sumatera,Sumbagsel,Lampung,Lampung Barat,Lampung Barat
TESTING-9998,ZULKARNAIN,1301033686,IVANA,Sumatera,Sumbagsel,Lampung,Lampung Barat,Lampung Barat
TESTING-9998,ZULKARNAIN,1301051868,JUWITA MALAM,Sumatera,Sumbagsel,Lampung,Lampung Barat,Lampung Barat
TESTING-9998,ZULKARNAIN,1301052329,KANG DUL CELL,Sumatera,Sumbagsel,Lampung,Lampung Barat,Lampung Barat
TESTING-9998,ZULKARNAIN,1301014826,master kuota,Sumatera,Sumbagsel,Lampung,Lampung Barat,Lampung Barat
TESTING-9998,ZULKARNAIN,1301030605,micho cell,Sumatera,Sumbagsel,Lampung,Lampung Barat,Lampung Barat
TESTING-9998,ZULKARNAIN,1300004802,MINDAI CELL,Sumatera,Sumbagsel,Lampung,Lampung Barat,Lampung Barat
TESTING-9998,ZULKARNAIN,1300004865,MUMTAZ CELL,Sumatera,Sumbagsel,Lampung,Lampung Barat,Lampung Barat
TESTING-9998,ZULKARNAIN,1300006516,MUMTAZ JAYA CELL,Sumatera,Sumbagsel,Lampung,Lampung Barat,Lampung Barat
TESTING-9998,ZULKARNAIN,1301024881,nasution angga dinata,Sumatera,Sumbagsel,Lampung,Lampung Barat,Lampung Barat
TESTING-9998,ZULKARNAIN,1300005098,QIL CELL,Sumatera,Sumbagsel,Lampung,Lampung Barat,Lampung Barat
TESTING-9998,ZULKARNAIN,1300005391,QIL CELL 2,Sumatera,Sumbagsel,Lampung,Lampung Barat,Lampung Barat
TESTING-9998,ZULKARNAIN,1300005861,RAEHAN CELL BARU,Sumatera,Sumbagsel,Lampung,Lampung Barat,Lampung Barat
TESTING-9998,ZULKARNAIN,1301009705,Rajes cell,Sumatera,Sumbagsel,Lampung,Lampung Barat,Lampung Barat
TESTING-9998,ZULKARNAIN,1301037470,RATU CELL,Sumatera,Sumbagsel,Lampung,Lampung Barat,Lampung Barat
TESTING-9998,ZULKARNAIN,1301033481,rika gustina,Sumatera,Sumbagsel,Lampung,Lampung Barat,Lampung Barat
TESTING-9998,ZULKARNAIN,1301019883,rima astuti,Sumatera,Sumbagsel,Lampung,Lampung Barat,Lampung Barat
TESTING-9998,ZULKARNAIN,1300005909,RISKY,Sumatera,Sumbagsel,Lampung,Lampung Barat,Lampung Barat
TESTING-9998,ZULKARNAIN,1301025268,sandi yuisman,Sumatera,Sumbagsel,Lampung,Lampung Barat,Lampung Barat
TESTING-9998,ZULKARNAIN,1301035086,sandi yulisman,Sumatera,Sumbagsel,Lampung,Lampung Barat,Lampung Barat
TESTING-9998,ZULKARNAIN,1301046202,sella,Sumatera,Sumbagsel,Lampung,Lampung Barat,Lampung Barat
TESTING-9998,ZULKARNAIN,1301022736,suparman,Sumatera,Sumbagsel,Lampung,Lampung Barat,Lampung Barat
TESTING-9998,ZULKARNAIN,1301000547,TEMRUGU CELL,Sumatera,Sumbagsel,Lampung,Lampung Barat,Lampung Barat
TESTING-9998,ZULKARNAIN,1301026111,Two Z Cell,Sumatera,Sumbagsel,Lampung,Lampung Barat,Lampung Barat
TESTING-9998,ZULKARNAIN,1301009155,vanlovhy cell 2,Sumatera,Sumbagsel,Lampung,Lampung Barat,Lampung Barat
TESTING-9998,ZULKARNAIN,1301028469,warung lusi,Sumatera,Sumbagsel,Lampung,Lampung Barat,Lampung Barat
TESTING-9998,ZULKARNAIN,1301036003,ZAVEN MUDRA,Sumatera,Sumbagsel,Lampung,Lampung Barat,Lampung Barat
TESTING-2334,YUSRIL MAHENDRA,1300007881,TASYA 1 CELL,Sumatera,Sumbagsel,Lampung,Lampung Barat,Tanggamus
TESTING-2334,YUSRIL MAHENDRA,1300006798,ASSALAM CELL 1,Sumatera,Sumbagsel,Lampung,Lampung Barat,Tanggamus
TESTING-2334,YUSRIL MAHENDRA,1300028355,AURA CELL,Sumatera,Sumbagsel,Lampung,Lampung Barat,Tanggamus
TESTING-2334,YUSRIL MAHENDRA,1300007249,YAZDAN CELL,Sumatera,Sumbagsel,Lampung,Lampung Barat,Tanggamus
TESTING-2334,YUSRIL MAHENDRA,1300007067,WALET 2 CELL,Sumatera,Sumbagsel,Lampung,Lampung Barat,Tanggamus
TESTING-2334,YUSRIL MAHENDRA,1301001560,WANI CELL,Sumatera,Sumbagsel,Lampung,Lampung Barat,Tanggamus
TESTING-2334,YUSRIL MAHENDRA,1301003863,LISA CELL,Sumatera,Sumbagsel,Lampung,Lampung Barat,Tanggamus
TESTING-2334,YUSRIL MAHENDRA,1300036520,LATAHZAN CELL,Sumatera,Sumbagsel,Lampung,Lampung Barat,Tanggamus
TESTING-2334,YUSRIL MAHENDRA,6001177695,ZOHIB CELL,Sumatera,Sumbagsel,Lampung,Lampung Barat,Tanggamus
TESTING-2334,YUSRIL MAHENDRA,1301053172,EKA CELL,Sumatera,Sumbagsel,Lampung,Lampung Barat,Tanggamus
TESTING-2334,YUSRIL MAHENDRA,1300036478,RAKHA CELL,Sumatera,Sumbagsel,Lampung,Lampung Barat,Tanggamus
TESTING-2334,YUSRIL MAHENDRA,1300007980,MENTARI CELL,Sumatera,Sumbagsel,Lampung,Lampung Barat,Tanggamus
TESTING-2334,YUSRIL MAHENDRA,1301019668,M YUSUF,Sumatera,Sumbagsel,Lampung,Lampung Barat,Tanggamus
TESTING-2334,YUSRIL MAHENDRA,1300007071,AKBAR CELL,Sumatera,Sumbagsel,Lampung,Lampung Barat,Tanggamus
TESTING-2334,YUSRIL MAHENDRA,1301041970,ANGSA CELL,Sumatera,Sumbagsel,Lampung,Lampung Barat,Tanggamus
TESTING-2334,YUSRIL MAHENDRA,1301025192,MUGNI CELL,Sumatera,Sumbagsel,Lampung,Lampung Barat,Tanggamus
TESTING-2334,YUSRIL MAHENDRA,1301046739,DIMAS ANGGORO PUTRA,Sumatera,Sumbagsel,Lampung,Lampung Barat,Tanggamus
TESTING-2334,YUSRIL MAHENDRA,1301008273,CUAN CELL,Sumatera,Sumbagsel,Lampung,Lampung Barat,Tanggamus
TESTING-2334,YUSRIL MAHENDRA,1300007253,GREEN CELL,Sumatera,Sumbagsel,Lampung,Lampung Barat,Tanggamus
TESTING-2334,YUSRIL MAHENDRA,1300008016,ARFAN CELL,Sumatera,Sumbagsel,Lampung,Lampung Barat,Tanggamus
TESTING-2334,YUSRIL MAHENDRA,1300007545,ZHIVA CELL,Sumatera,Sumbagsel,Lampung,Lampung Barat,Tanggamus
TESTING-2334,YUSRIL MAHENDRA,1301003777,BOY CELL,Sumatera,Sumbagsel,Lampung,Lampung Barat,Tanggamus
TESTING-2334,YUSRIL MAHENDRA,1300007903,MYGA CELL,Sumatera,Sumbagsel,Lampung,Lampung Barat,Tanggamus
TESTING-2334,YUSRIL MAHENDRA,1300032724,SURY CELL,Sumatera,Sumbagsel,Lampung,Lampung Barat,Tanggamus
TESTING-2334,YUSRIL MAHENDRA,1300007537,ORIZA CELL,Sumatera,Sumbagsel,Lampung,Lampung Barat,Tanggamus
TESTING-2334,YUSRIL MAHENDRA,1300006804,RADEN INTAN CELL,Sumatera,Sumbagsel,Lampung,Lampung Barat,Tanggamus
TESTING-2334,YUSRIL MAHENDRA,6001177406,FAHMI CELL,Sumatera,Sumbagsel,Lampung,Lampung Barat,Tanggamus
TESTING-2334,YUSRIL MAHENDRA,1300037276,SINDI 2 CELL,Sumatera,Sumbagsel,Lampung,Lampung Barat,Tanggamus
TESTING-2334,YUSRIL MAHENDRA,6001181295,LEDI CELL,Sumatera,Sumbagsel,Lampung,Lampung Barat,Tanggamus
TESTING-2334,YUSRIL MAHENDRA,1300032414,ALDI YP CELL,Sumatera,Sumbagsel,Lampung,Lampung Barat,Tanggamus
TESTING-2334,YUSRIL MAHENDRA,1301010569,RAJA ISA CELL,Sumatera,Sumbagsel,Lampung,Lampung Barat,Tanggamus
TESTING-2334,YUSRIL MAHENDRA,1301011706,KEMBAR CELL,Sumatera,Sumbagsel,Lampung,Lampung Barat,Tanggamus
TESTING-2334,YUSRIL MAHENDRA,6001177142,AMELDA CELL,Sumatera,Sumbagsel,Lampung,Lampung Barat,Tanggamus
TESTING-2334,YUSRIL MAHENDRA,6001177694,PUTIH CELL (PUGUNG),Sumatera,Sumbagsel,Lampung,Lampung Barat,Tanggamus
TESTING-2334,YUSRIL MAHENDRA,1301027714,DEVINTA,Sumatera,Sumbagsel,Lampung,Lampung Barat,Tanggamus
TESTING-2334,YUSRIL MAHENDRA,1300036477,CANTIK CELL,Sumatera,Sumbagsel,Lampung,Lampung Barat,Tanggamus
TESTING-2334,YUSRIL MAHENDRA,6001176554,R2 CELL / DUDA CELL,Sumatera,Sumbagsel,Lampung,Lampung Barat,Tanggamus
TESTING-2334,YUSRIL MAHENDRA,1300007514,TAMSIS 1 CELL,Sumatera,Sumbagsel,Lampung,Lampung Barat,Tanggamus
TESTING-2334,YUSRIL MAHENDRA,1300006821,ANDRA CELL,Sumatera,Sumbagsel,Lampung,Lampung Barat,Tanggamus
TESTING-2334,YUSRIL MAHENDRA,1300007394,AHMAD CELL,Sumatera,Sumbagsel,Lampung,Lampung Barat,Tanggamus
TESTING-2334,YUSRIL MAHENDRA,1300007083,HENI CELL,Sumatera,Sumbagsel,Lampung,Lampung Barat,Tanggamus
TESTING-2334,YUSRIL MAHENDRA,1301016454,09 CELL,Sumatera,Sumbagsel,Lampung,Lampung Barat,Tanggamus
TESTING-2334,YUSRIL MAHENDRA,1301016136,EMPIRE CELL,Sumatera,Sumbagsel,Lampung,Lampung Barat,Tanggamus
TESTING-2334,YUSRIL MAHENDRA,1300007343,TALPA CELL,Sumatera,Sumbagsel,Lampung,Lampung Barat,Tanggamus
TESTING-2334,YUSRIL MAHENDRA,6001177120,ABI CELL,Sumatera,Sumbagsel,Lampung,Lampung Barat,Tanggamus
TESTING-2334,YUSRIL MAHENDRA,1300006905,ADZLAN CELL,Sumatera,Sumbagsel,Lampung,Lampung Barat,Tanggamus
TESTING-2334,YUSRIL MAHENDRA,1301012843,AGUSTUS CELL,Sumatera,Sumbagsel,Lampung,Lampung Barat,Tanggamus
TESTING-2334,YUSRIL MAHENDRA,1301010629,AZOYA 1 CELL,Sumatera,Sumbagsel,Lampung,Lampung Barat,Tanggamus
TESTING-2334,YUSRIL MAHENDRA,1300007438,ALBERT CELL,Sumatera,Sumbagsel,Lampung,Lampung Barat,Tanggamus
TESTING-2334,YUSRIL MAHENDRA,6001180961,ALEA CELL,Sumatera,Sumbagsel,Lampung,Lampung Barat,Tanggamus
TESTING-2334,YUSRIL MAHENDRA,6001178045,ALFI CELL,Sumatera,Sumbagsel,Lampung,Lampung Barat,Tanggamus
TESTING-2334,YUSRIL MAHENDRA,1300007163,ARIEF CELL,Sumatera,Sumbagsel,Lampung,Lampung Barat,Tanggamus
TESTING-2334,YUSRIL MAHENDRA,6001177141,AZIZ CELL,Sumatera,Sumbagsel,Lampung,Lampung Barat,Tanggamus
TESTING-2334,YUSRIL MAHENDRA,1300036603,BERKAH st CELL,Sumatera,Sumbagsel,Lampung,Lampung Barat,Tanggamus
TESTING-2334,YUSRIL MAHENDRA,6001181318,BILA CELL,Sumatera,Sumbagsel,Lampung,Lampung Barat,Tanggamus
TESTING-2334,YUSRIL MAHENDRA,1300007527,BIMO CELL,Sumatera,Sumbagsel,Lampung,Lampung Barat,Tanggamus
TESTING-2334,YUSRIL MAHENDRA,6001184625,BUDI CELL,Sumatera,Sumbagsel,Lampung,Lampung Barat,Tanggamus
TESTING-2334,YUSRIL MAHENDRA,6001184302,DANI CELL,Sumatera,Sumbagsel,Lampung,Lampung Barat,Tanggamus
TESTING-2334,YUSRIL MAHENDRA,6001184303,DEBBY CELL,Sumatera,Sumbagsel,Lampung,Lampung Barat,Tanggamus
TESTING-2334,YUSRIL MAHENDRA,1300007256,DIDI CELL,Sumatera,Sumbagsel,Lampung,Lampung Barat,Tanggamus
TESTING-2334,YUSRIL MAHENDRA,1301011500,MARWAN CELL,Sumatera,Sumbagsel,Lampung,Lampung Barat,Tanggamus
TESTING-2334,YUSRIL MAHENDRA,1301042112,FAHMI CELL,Sumatera,Sumbagsel,Lampung,Lampung Barat,Tanggamus
TESTING-2334,YUSRIL MAHENDRA,1300007978,FATONAH CELL,Sumatera,Sumbagsel,Lampung,Lampung Barat,Tanggamus
TESTING-2334,YUSRIL MAHENDRA,1300006820,GHELIS CELL,Sumatera,Sumbagsel,Lampung,Lampung Barat,Tanggamus
TESTING-2334,YUSRIL MAHENDRA,1300007070,GILANG CELL,Sumatera,Sumbagsel,Lampung,Lampung Barat,Tanggamus
TESTING-2334,YUSRIL MAHENDRA,1300007106,HAIKAL CELL,Sumatera,Sumbagsel,Lampung,Lampung Barat,Tanggamus
TESTING-2334,YUSRIL MAHENDRA,1301007166,INDRA CELL,Sumatera,Sumbagsel,Lampung,Lampung Barat,Tanggamus
TESTING-2334,YUSRIL MAHENDRA,1300007929,IPAN CELL,Sumatera,Sumbagsel,Lampung,Lampung Barat,Tanggamus
TESTING-2334,YUSRIL MAHENDRA,1301025264,JAPUNG CELL,Sumatera,Sumbagsel,Lampung,Lampung Barat,Tanggamus
TESTING-2334,YUSRIL MAHENDRA,1300004816,JAROT TGGMS CELL,Sumatera,Sumbagsel,Lampung,Lampung Barat,Tanggamus
TESTING-2334,YUSRIL MAHENDRA,1300008169,LC tlp CELL,Sumatera,Sumbagsel,Lampung,Lampung Barat,Tanggamus
TESTING-2334,YUSRIL MAHENDRA,6001180926,LENA CELL / CULIL CELL,Sumatera,Sumbagsel,Lampung,Lampung Barat,Tanggamus
TESTING-2334,YUSRIL MAHENDRA,1300007110,MEGY CELL,Sumatera,Sumbagsel,Lampung,Lampung Barat,Tanggamus
TESTING-2334,YUSRIL MAHENDRA,6001178296,N3 CELL,Sumatera,Sumbagsel,Lampung,Lampung Barat,Tanggamus
TESTING-2334,YUSRIL MAHENDRA,6001184614,NAILA CELL,Sumatera,Sumbagsel,Lampung,Lampung Barat,Tanggamus
TESTING-2334,YUSRIL MAHENDRA,1301040837,PUTRI CELL,Sumatera,Sumbagsel,Lampung,Lampung Barat,Tanggamus
TESTING-2334,YUSRIL MAHENDRA,1300028356,RAJA CELL,Sumatera,Sumbagsel,Lampung,Lampung Barat,Tanggamus
TESTING-2334,YUSRIL MAHENDRA,1300006863,RESTY CELL,Sumatera,Sumbagsel,Lampung,Lampung Barat,Tanggamus
TESTING-2334,YUSRIL MAHENDRA,1301015872,RIZKI,Sumatera,Sumbagsel,Lampung,Lampung Barat,Tanggamus
TESTING-2334,YUSRIL MAHENDRA,6001177156,RONAL CELL,Sumatera,Sumbagsel,Lampung,Lampung Barat,Tanggamus
TESTING-2334,YUSRIL MAHENDRA,1300036461,SELA CELL,Sumatera,Sumbagsel,Lampung,Lampung Barat,Tanggamus
TESTING-2334,YUSRIL MAHENDRA,6001184298,SIMPANG 3 CELL,Sumatera,Sumbagsel,Lampung,Lampung Barat,Tanggamus
TESTING-2334,YUSRIL MAHENDRA,1300007134,SINDI 1 CELL,Sumatera,Sumbagsel,Lampung,Lampung Barat,Tanggamus
TESTING-2334,YUSRIL MAHENDRA,1300006817,SLI CELL,Sumatera,Sumbagsel,Lampung,Lampung Barat,Tanggamus
TESTING-2334,YUSRIL MAHENDRA,1301010403,SULTAN JAYA 2 CELL,Sumatera,Sumbagsel,Lampung,Lampung Barat,Tanggamus
TESTING-2334,YUSRIL MAHENDRA,1300032726,SURYA CELL,Sumatera,Sumbagsel,Lampung,Lampung Barat,Tanggamus
TESTING-2334,YUSRIL MAHENDRA,1300008291,SYAKILA CELL,Sumatera,Sumbagsel,Lampung,Lampung Barat,Tanggamus
TESTING-2334,YUSRIL MAHENDRA,1300007314,SYIFA CELL,Sumatera,Sumbagsel,Lampung,Lampung Barat,Tanggamus
TESTING-2334,YUSRIL MAHENDRA,1300007515,TAMSIS 2 CELL,Sumatera,Sumbagsel,Lampung,Lampung Barat,Tanggamus
TESTING-2334,YUSRIL MAHENDRA,1300036918,ULY CELL,Sumatera,Sumbagsel,Lampung,Lampung Barat,Tanggamus
TESTING-2334,YUSRIL MAHENDRA,1300007235,UMAM CELL,Sumatera,Sumbagsel,Lampung,Lampung Barat,Tanggamus
TESTING-2334,YUSRIL MAHENDRA,1300007322,VINKDEL CELL,Sumatera,Sumbagsel,Lampung,Lampung Barat,Tanggamus
TESTING-2334,YUSRIL MAHENDRA,1300007546,VITA 2 CELL,Sumatera,Sumbagsel,Lampung,Lampung Barat,Tanggamus
TESTING-2334,YUSRIL MAHENDRA,1301013683,W.R TENDA BIRU,Sumatera,Sumbagsel,Lampung,Lampung Barat,Tanggamus
TESTING-2334,YUSRIL MAHENDRA,6001176886,YANA CELL,Sumatera,Sumbagsel,Lampung,Lampung Barat,Tanggamus
TESTING-2334,YUSRIL MAHENDRA,1300007320,YEYEN CELL,Sumatera,Sumbagsel,Lampung,Lampung Barat,Tanggamus
TESTING-2334,YUSRIL MAHENDRA,1300008018,YULI CELL,Sumatera,Sumbagsel,Lampung,Lampung Barat,Tanggamus
TESTING-2334,YUSRIL MAHENDRA,1300008294,ZAKIA CELL,Sumatera,Sumbagsel,Lampung,Lampung Barat,Tanggamus
TESTING-2334,YUSRIL MAHENDRA,1300008142,GOOD CELL,Sumatera,Sumbagsel,Lampung,Lampung Barat,Tanggamus
TESTING-2334,YUSRIL MAHENDRA,1300008142,GOOD CELL,Sumatera,Sumbagsel,Lampung,Lampung Barat,Tanggamus